Concurso;Data_Sorteio;B1;B2;B3;B4;B5;B6;B7;Ganhadores_7_Números;OS1;OS2;OS3;OS4;OS5;OS6;OS7
1;19/05/2018;3;5;8;9;19;21;30;1;3;9;5;30;8;19;21
2;22/05/2018;8;11;12;14;20;21;28;1;12;28;21;8;11;14;20
3;24/05/2018;11;12;21;24;25;28;29;1;11;25;28;12;21;29;24
4;26/05/2018;6;7;13;15;18;19;29;0;15;19;7;13;29;6;18
5;29/05/2018;2;8;9;17;19;24;28;0;2;8;9;17;24;19;28
6;02/06/2018;1;11;18;19;26;30;31;2;19;18;11;1;26;31;30
7;05/06/2018;2;5;6;14;20;24;25;1;25;6;2;5;24;14;20
8;07/06/2018;1;4;13;21;22;24;27;0;24;1;21;27;4;22;13
9;09/06/2018;3;10;13;18;19;23;24;3;18;24;23;3;10;19;13
10;12/06/2018;6;10;13;18;19;20;30;0;18;30;19;6;20;13;10
11;14/06/2018;7;13;16;19;20;27;31;0;7;13;27;19;31;16;20
12;16/06/2018;2;3;7;12;17;21;22;1;22;7;12;3;2;21;17
13;19/06/2018;1;4;7;9;20;21;26;0;20;21;9;26;1;7;4
14;21/06/2018;1;8;16;20;21;26;31;0;16;26;31;1;8;20;21
15;23/06/2018;8;11;13;16;26;28;29;0;26;13;16;8;11;29;28
16;26/06/2018;1;2;7;12;16;20;25;1;16;7;1;12;2;20;25
17;28/06/2018;9;11;13;14;19;20;22;0;9;20;19;14;11;22;13
18;30/06/2018;4;7;8;14;21;27;31;1;21;7;8;27;14;4;31
19;03/07/2018;3;4;9;12;14;28;29;0;29;28;12;14;3;4;9
20;05/07/2018;6;12;17;21;26;29;31;1;17;31;12;21;6;26;29
21;07/07/2018;2;8;10;11;12;18;31;0;18;31;8;11;10;12;2
22;10/07/2018;2;4;5;12;18;22;27;0;4;12;5;2;27;22;18
23;12/07/2018;9;10;17;19;25;27;28;0;19;27;9;17;10;25;28
24;14/07/2018;7;8;12;15;16;18;30;2;7;16;30;18;8;12;15
25;17/07/2018;1;10;13;17;21;25;29;10;29;13;17;25;10;21;1
26;19/07/2018;2;8;10;11;16;20;28;0;28;2;11;20;8;10;16
27;21/07/2018;6;12;15;17;20;23;28;5;23;20;28;12;15;17;6
28;24/07/2018;2;9;12;15;18;20;24;2;20;24;18;9;15;2;12
29;26/07/2018;3;5;13;21;22;24;27;0;21;3;22;27;5;13;24
30;28/07/2018;4;8;9;17;20;27;30;0;8;4;9;30;27;20;17
31;31/07/2018;4;6;7;9;11;24;28;0;6;7;28;4;11;9;24
32;02/08/2018;3;4;7;16;18;20;27;1;18;3;20;7;16;4;27
33;04/08/2018;3;10;12;13;23;28;31;0;13;28;31;12;10;23;3
34;07/08/2018;6;12;15;18;23;27;29;5;15;18;29;27;23;6;12
35;09/08/2018;3;7;11;12;17;22;23;0;17;23;3;7;11;22;12
36;11/08/2018;2;7;11;12;13;16;27;0;11;12;7;16;13;2;27
37;14/08/2018;2;7;12;16;18;22;23;2;18;16;2;23;22;12;7
38;16/08/2018;8;15;17;18;26;29;30;0;8;17;29;26;30;18;15
39;18/08/2018;4;5;6;9;13;25;30;2;6;25;4;9;13;5;30
40;21/08/2018;2;10;12;14;19;21;27;2;27;19;14;12;21;10;2
41;23/08/2018;7;12;23;25;27;30;31;1;23;7;25;31;12;27;30
42;25/08/2018;6;11;14;16;17;29;31;0;14;31;17;11;29;16;6
43;28/08/2018;4;7;17;18;27;28;31;1;27;28;4;31;18;17;7
44;30/08/2018;7;9;15;23;26;30;31;0;31;26;23;9;30;7;15
45;01/09/2018;2;5;7;12;15;29;30;2;29;2;12;15;30;5;7
46;04/09/2018;1;4;5;8;10;16;30;0;5;8;1;16;4;30;10
47;06/09/2018;5;7;13;15;16;20;22;0;7;16;13;20;15;22;5
48;08/09/2018;6;8;10;17;23;29;31;0;10;29;6;31;17;23;8
49;11/09/2018;4;11;16;17;20;23;31;1;11;4;20;16;17;23;31
50;13/09/2018;14;16;17;18;22;23;31;0;23;16;31;14;22;17;18
51;15/09/2018;2;8;10;14;16;24;28;6;2;16;10;28;14;24;8
52;18/09/2018;7;12;14;20;22;24;26;1;26;20;14;22;24;7;12
53;20/09/2018;3;7;16;18;19;25;30;0;25;16;3;19;7;18;30
54;22/09/2018;4;11;18;21;24;25;27;0;18;25;11;21;27;4;24
55;25/09/2018;1;8;16;18;22;25;28;0;18;28;1;22;25;16;8
56;27/09/2018;9;10;15;16;17;23;31;1;15;9;31;17;10;23;16
57;29/09/2018;3;5;10;12;18;26;28;1;12;28;3;5;26;10;18
58;02/10/2018;11;12;13;24;25;29;30;2;30;11;25;24;29;13;12
59;04/10/2018;3;4;5;8;10;24;25;1;24;8;10;4;25;5;3
60;06/10/2018;1;6;7;8;17;18;22;0;8;1;7;17;6;18;22
61;09/10/2018;5;8;10;13;19;25;28;2;5;8;13;28;25;19;10
62;11/10/2018;7;11;13;18;23;28;30;0;18;7;11;23;13;30;28
63;13/10/2018;2;3;6;9;27;28;29;1;28;2;9;6;3;27;29
64;16/10/2018;5;6;8;17;18;20;27;1;20;5;18;17;27;8;6
65;18/10/2018;7;20;21;27;28;30;31;0;31;28;20;27;30;7;21
66;20/10/2018;4;6;10;11;12;17;24;0;17;11;24;4;10;12;6
67;23/10/2018;1;4;8;14;19;22;26;3;19;22;1;4;26;14;8
68;25/10/2018;1;4;6;14;20;21;27;0;4;6;1;20;21;14;27
69;27/10/2018;1;3;5;6;8;26;29;0;1;26;8;5;29;6;3
70;30/10/2018;2;4;5;9;11;28;29;2;9;29;11;5;4;28;2
71;01/11/2018;4;6;7;8;24;27;31;0;27;31;8;7;4;24;6
72;03/11/2018;1;2;6;8;9;18;21;1;18;1;9;2;6;8;21
73;06/11/2018;8;9;10;11;14;18;23;1;9;14;8;23;18;11;10
74;08/11/2018;6;12;15;17;20;23;29;6;15;23;12;17;6;29;20
75;10/11/2018;2;3;6;14;28;30;31;0;6;2;30;3;14;28;31
76;13/11/2018;10;15;16;21;25;26;29;1;15;10;16;29;21;25;26
77;17/11/2018;6;7;11;12;14;19;21;1;11;19;6;21;12;7;14
78;20/11/2018;4;6;8;13;14;19;23;0;13;6;19;23;4;8;14
79;22/11/2018;1;8;10;12;15;21;28;0;15;21;8;28;10;12;1
80;24/11/2018;2;3;4;10;18;19;28;1;18;3;28;4;19;2;10
81;27/11/2018;6;10;12;25;26;27;29;0;10;27;29;26;25;6;12
82;29/11/2018;2;9;10;13;16;17;22;1;16;10;17;13;9;2;22
83;01/12/2018;2;9;10;13;15;21;26;0;26;13;9;21;2;15;10
84;04/12/2018;7;10;15;16;18;19;24;0;18;16;7;24;10;15;19
85;06/12/2018;3;7;21;22;23;26;31;1;22;21;31;7;3;23;26
86;08/12/2018;3;6;8;9;11;19;26;1;8;3;9;26;11;19;6
87;11/12/2018;7;9;10;15;18;21;22;0;18;7;9;21;15;10;22
88;13/12/2018;3;4;17;18;19;23;27;1;19;17;23;27;18;4;3
89;15/12/2018;3;6;16;18;19;24;31;1;6;16;24;3;31;18;19
90;18/12/2018;1;5;6;8;12;23;26;2;26;6;5;12;23;8;1
91;20/12/2018;8;10;15;16;23;28;29;0;16;29;8;23;10;28;15
92;22/12/2018;5;7;8;9;15;26;29;0;26;15;8;5;9;29;7
93;27/12/2018;1;8;9;16;21;23;30;1;1;23;16;30;21;9;8
94;29/12/2018;7;10;13;15;19;23;26;1;10;26;15;13;23;7;19
95;03/01/2019;5;7;8;18;20;23;28;1;8;18;7;28;20;23;5
96;05/01/2019;3;4;9;15;17;28;29;4;17;4;28;29;9;3;15
97;08/01/2019;1;10;12;22;23;25;28;0;1;10;22;12;25;23;28
98;10/01/2019;1;3;7;12;26;27;28;0;12;1;27;26;3;7;28
99;12/01/2019;4;14;20;27;28;29;30;0;27;4;14;28;29;30;20
100;15/01/2019;3;4;8;15;16;20;21;0;21;16;4;3;15;20;8
101;17/01/2019;4;5;9;13;19;20;29;0;13;20;4;9;19;5;29
102;19/01/2019;4;7;10;19;22;26;28;4;26;22;4;10;28;19;7
103;22/01/2019;4;5;19;23;25;26;31;0;5;4;26;25;23;19;31
104;24/01/2019;3;13;20;25;26;27;30;0;13;30;25;26;27;3;20
105;26/01/2019;3;7;8;12;21;24;29;1;12;29;21;24;8;7;3
106;29/01/2019;5;8;17;20;25;26;28;0;8;28;20;17;26;5;25
107;31/01/2019;4;7;13;15;18;20;23;1;7;20;18;4;15;13;23
108;02/02/2019;2;6;15;17;22;24;25;0;22;17;6;25;15;2;24
109;05/02/2019;3;18;20;23;24;26;28;1;18;24;26;3;28;23;20
110;07/02/2019;4;8;10;11;14;18;26;0;4;18;8;14;11;26;10
111;09/02/2019;1;6;8;14;17;21;26;0;6;17;14;26;8;1;21
112;12/02/2019;11;13;18;21;24;25;26;0;25;11;21;13;26;18;24
113;14/02/2019;6;9;10;12;17;27;30;1;9;30;6;17;10;27;12
114;16/02/2019;7;8;9;23;26;29;31;0;8;29;7;23;31;26;9
115;19/02/2019;7;8;13;16;18;21;22;1;18;21;16;13;22;7;8
116;21/02/2019;2;5;12;16;18;24;30;3;30;24;16;2;5;18;12
117;23/02/2019;5;7;9;16;18;20;27;3;5;16;27;7;9;18;20
118;26/02/2019;2;5;7;9;15;22;30;0;2;9;7;30;5;22;15
119;28/02/2019;2;3;6;12;24;25;28;2;6;12;3;2;28;25;24
120;02/03/2019;2;8;16;21;22;27;28;0;22;28;8;2;21;16;27
121;07/03/2019;3;9;10;12;14;19;24;0;3;10;24;19;9;12;14
122;09/03/2019;12;13;14;15;16;23;31;0;13;14;16;12;31;15;23
123;12/03/2019;6;11;16;18;19;21;23;1;23;6;19;18;21;16;11
124;14/03/2019;12;15;20;21;22;24;27;0;27;20;21;24;15;12;22
125;16/03/2019;1;8;12;13;17;26;30;0;17;30;13;8;1;12;26
126;19/03/2019;9;11;14;18;24;27;29;0;18;27;29;11;9;24;14
127;21/03/2019;1;5;7;9;17;21;22;1;5;1;22;7;9;17;21
128;23/03/2019;2;7;8;15;19;20;22;1;19;20;8;7;15;22;2
129;26/03/2019;6;12;13;15;16;28;29;1;13;28;12;15;16;29;6
130;28/03/2019;5;8;10;20;23;25;28;0;5;28;20;25;8;23;10
131;30/03/2019;4;5;11;22;26;27;30;1;22;30;5;11;4;26;27
132;02/04/2019;3;11;14;18;19;23;26;1;11;14;26;19;23;3;18
133;04/04/2019;1;4;8;10;20;22;31;1;22;10;4;1;20;31;8
134;06/04/2019;1;2;8;10;14;16;18;1;1;8;2;10;16;18;14
135;09/04/2019;2;5;6;11;25;27;28;0;25;2;5;11;27;6;28
136;11/04/2019;17;19;20;21;23;27;30;0;23;30;19;27;20;17;21
137;13/04/2019;3;5;6;8;16;19;28;1;28;6;3;16;8;19;5
138;16/04/2019;9;13;15;17;21;27;29;1;9;15;29;13;17;21;27
139;18/04/2019;3;4;11;13;18;19;22;0;11;22;4;18;19;13;3
140;20/04/2019;5;8;9;12;14;17;22;1;8;9;17;22;14;5;12
141;23/04/2019;2;7;9;15;23;25;30;1;2;15;7;9;23;30;25
142;25/04/2019;6;11;18;21;23;29;30;0;6;29;18;30;11;23;21
143;27/04/2019;5;10;11;15;22;29;31;1;5;22;11;29;15;10;31
144;30/04/2019;2;4;7;8;13;15;27;1;2;8;15;27;7;13;4
145;02/05/2019;2;3;6;10;11;13;15;1;11;13;2;3;15;10;6
146;04/05/2019;1;8;9;17;18;19;23;0;19;1;23;18;9;8;17
147;07/05/2019;2;3;6;8;9;22;27;0;8;27;6;2;9;3;22
148;09/05/2019;7;9;11;18;21;22;29;1;29;18;11;21;7;22;9
149;11/05/2019;3;16;20;21;25;26;30;0;30;26;21;20;3;16;25
150;14/05/2019;1;2;7;16;17;26;29;1;17;1;26;29;7;2;16
151;16/05/2019;3;11;13;17;22;29;31;1;31;13;17;3;29;11;22
152;18/05/2019;1;3;5;10;14;25;31;0;1;10;31;5;14;3;25
153;21/05/2019;2;13;21;23;25;29;30;1;21;13;2;29;30;23;25
154;23/05/2019;3;5;9;14;21;29;30;0;3;9;30;5;29;14;21
155;25/05/2019;3;13;15;16;25;27;28;2;16;13;27;3;15;28;25
156;28/05/2019;1;3;7;15;16;29;31;0;31;16;3;29;1;15;7
157;30/05/2019;2;10;17;18;20;25;29;1;20;10;25;18;17;29;2
158;01/06/2019;7;14;20;23;27;28;29;0;14;28;29;20;27;23;7
159;04/06/2019;1;10;14;17;23;28;31;1;1;31;10;17;23;28;14
160;06/06/2019;4;8;9;12;13;25;30;1;9;12;8;30;4;25;13
161;08/06/2019;2;3;5;14;15;20;25;0;2;20;25;3;15;14;5
162;11/06/2019;6;10;11;14;20;24;25;0;20;10;24;6;14;25;11
163;13/06/2019;7;10;16;18;24;25;27;0;18;24;25;7;10;27;16
164;15/06/2019;7;10;12;13;17;21;22;0;22;10;17;7;13;12;21
165;18/06/2019;4;5;7;8;11;19;24;0;4;8;11;19;24;7;5
166;22/06/2019;6;7;11;19;22;23;25;1;6;22;23;7;11;25;19
167;25/06/2019;10;11;12;13;15;20;26;0;10;11;15;20;12;26;13
168;27/06/2019;1;3;4;20;23;25;26;0;1;23;25;4;3;20;26
169;29/06/2019;9;11;14;18;24;26;29;0;9;18;14;29;24;11;26
170;02/07/2019;1;9;10;11;15;20;21;0;9;1;10;21;11;20;15
171;04/07/2019;3;7;11;18;20;23;29;2;3;20;23;11;18;29;7
172;06/07/2019;3;6;10;21;25;27;30;0;25;21;10;27;3;30;6
173;09/07/2019;2;7;11;13;25;27;28;0;28;7;25;27;11;13;2
174;11/07/2019;3;5;6;7;17;19;25;2;7;3;19;17;6;25;5
175;13/07/2019;4;6;7;17;21;26;31;3;21;4;6;26;7;31;17
176;16/07/2019;3;4;6;9;10;18;29;0;18;10;6;29;3;9;4
177;18/07/2019;3;11;17;18;24;25;28;0;3;18;25;17;28;24;11
178;20/07/2019;2;3;4;9;12;23;24;0;24;23;2;3;4;9;12
179;23/07/2019;3;4;5;11;21;24;30;1;5;4;21;11;30;3;24
180;25/07/2019;5;13;20;21;23;25;30;0;5;23;25;20;13;30;21
181;27/07/2019;6;8;10;15;17;26;28;0;10;6;8;17;26;15;28
182;30/07/2019;2;3;7;15;22;26;31;0;26;15;22;7;31;3;2
183;01/08/2019;5;7;16;17;21;24;27;1;24;7;16;27;21;5;17
184;03/08/2019;6;9;10;14;16;17;22;0;10;14;17;6;9;22;16
185;06/08/2019;7;11;18;21;24;28;29;0;18;11;24;29;7;21;28
186;08/08/2019;6;15;17;22;23;26;27;1;17;23;6;22;27;26;15
187;10/08/2019;1;3;6;15;17;23;26;2;1;15;6;26;3;23;17
188;13/08/2019;8;12;21;23;24;26;28;0;26;21;28;8;24;23;12
189;15/08/2019;2;7;13;16;18;20;29;2;20;7;18;29;16;13;2
190;17/08/2019;3;4;5;6;14;16;27;1;16;27;4;5;3;6;14
191;20/08/2019;3;4;11;24;26;28;29;1;28;3;26;29;11;24;4
192;22/08/2019;4;11;14;15;18;28;31;0;4;14;15;11;18;31;28
193;24/08/2019;12;13;16;25;28;30;31;0;30;31;13;28;16;25;12
194;27/08/2019;3;4;7;9;15;21;23;1;4;9;21;15;3;7;23
195;29/08/2019;2;3;5;14;15;22;23;0;23;22;3;14;5;15;2
196;31/08/2019;4;13;14;22;26;29;30;0;29;14;4;13;26;30;22
197;03/09/2019;1;2;4;11;17;18;28;1;28;4;2;17;18;1;11
198;05/09/2019;1;2;9;10;16;23;28;0;16;28;23;10;2;9;1
199;10/09/2019;2;15;20;21;22;23;24;0;15;23;22;21;20;24;2
200;12/09/2019;10;12;13;17;21;23;27;0;17;21;13;12;10;23;27
201;14/09/2019;2;7;9;13;14;16;29;0;13;14;2;16;7;9;29
202;17/09/2019;5;6;7;11;21;26;29;0;5;6;29;7;11;26;21
203;19/09/2019;2;3;7;10;15;17;20;0;20;17;10;2;3;15;7
204;21/09/2019;2;11;20;21;27;28;31;0;11;21;2;31;27;28;20
205;24/09/2019;5;6;9;17;19;20;23;1;5;17;23;6;19;9;20
206;26/09/2019;13;16;21;23;24;27;28;0;21;13;24;27;23;16;28
207;28/09/2019;1;5;8;10;12;25;28;1;12;10;5;28;8;25;1
208;01/10/2019;2;4;17;21;28;29;31;0;17;28;21;4;2;29;31
209;03/10/2019;5;7;14;17;19;23;29;0;17;14;5;29;23;7;19
210;05/10/2019;7;10;18;19;20;23;27;0;18;19;23;27;10;7;20
211;08/10/2019;1;5;13;24;26;27;29;0;5;26;13;24;1;29;27
212;10/10/2019;5;11;14;17;18;26;30;1;5;14;30;18;26;11;17
213;15/10/2019;6;9;10;18;21;24;26;0;21;18;9;26;6;24;10
214;17/10/2019;2;9;11;13;21;28;29;0;29;21;9;28;11;2;13
215;19/10/2019;4;7;11;13;15;18;25;1;13;18;7;4;11;15;25
216;22/10/2019;5;8;9;14;25;28;30;0;30;8;25;28;5;9;14
217;24/10/2019;2;6;16;17;18;20;26;0;16;26;17;2;18;6;20
218;26/10/2019;2;3;11;12;17;18;21;0;12;3;11;2;18;21;17
219;29/10/2019;3;6;10;16;17;25;28;0;3;16;25;28;6;17;10
220;31/10/2019;2;4;9;17;19;25;31;2;25;31;17;2;9;4;19
221;05/11/2019;3;6;7;9;15;27;31;2;7;3;9;15;27;6;31
222;07/11/2019;3;12;13;16;18;19;27;0;18;12;27;19;3;16;13
223;09/11/2019;3;4;10;11;14;19;28;0;3;14;28;4;19;10;11
224;12/11/2019;1;6;8;14;17;19;23;1;8;14;19;1;17;23;6
225;14/11/2019;1;7;12;14;22;24;26;0;7;26;1;22;12;24;14
226;16/11/2019;1;4;8;12;22;24;28;0;12;24;4;28;22;8;1
227;19/11/2019;2;11;12;15;17;20;25;0;20;2;12;17;11;25;15
228;21/11/2019;4;10;14;18;21;22;23;1;23;14;22;21;10;4;18
229;23/11/2019;9;13;15;21;25;27;30;1;27;30;21;15;9;25;13
230;26/11/2019;5;8;12;18;24;27;29;1;12;24;18;27;5;8;29
231;28/11/2019;4;10;12;13;14;24;26;0;10;13;4;12;14;24;26
232;30/11/2019;4;5;6;12;15;16;26;0;16;12;26;5;15;4;6
233;03/12/2019;3;6;7;16;22;23;28;3;16;6;23;22;7;28;3
234;05/12/2019;4;5;13;17;23;24;29;0;29;13;17;24;5;23;4
235;07/12/2019;13;17;18;19;22;27;29;0;19;22;29;17;13;18;27
236;10/12/2019;4;5;6;9;11;19;23;1;5;4;9;19;6;23;11
237;12/12/2019;3;6;14;18;19;29;31;1;6;18;3;31;19;14;29
238;14/12/2019;1;2;10;19;24;26;28;0;28;2;1;26;24;19;10
239;17/12/2019;5;13;15;23;27;29;30;2;15;13;29;5;30;27;23
240;19/12/2019;1;4;8;13;19;22;25;0;22;8;1;19;25;4;13
241;21/12/2019;3;5;6;12;20;23;31;0;23;5;3;31;12;20;6
242;24/12/2019;2;3;5;9;16;19;25;0;9;5;16;25;19;3;2
243;26/12/2019;2;4;8;13;14;17;22;0;17;14;13;8;22;2;4
244;28/12/2019;1;6;12;13;15;16;29;0;6;1;16;13;29;15;12
245;30/12/2019;1;5;7;14;21;30;31;0;30;21;31;1;7;5;14
246;02/01/2020;9;10;14;16;18;19;24;0;14;10;24;18;19;9;16
247;04/01/2020;2;9;10;12;17;25;28;1;25;2;9;10;17;28;12
248;07/01/2020;2;5;14;16;17;18;22;0;18;2;17;22;14;5;16
249;09/01/2020;3;8;12;20;21;27;29;1;8;12;20;29;27;3;21
250;11/01/2020;1;5;10;14;15;29;30;1;14;1;29;30;15;10;5
251;14/01/2020;5;11;14;18;20;27;31;3;27;11;5;18;14;31;20
252;16/01/2020;4;9;12;19;25;28;31;2;19;12;9;25;28;4;31
253;18/01/2020;4;12;14;19;23;28;29;1;29;12;28;4;23;19;14
254;21/01/2020;18;20;21;22;25;27;31;0;27;25;18;31;22;21;20
255;23/01/2020;3;11;23;24;25;28;30;1;25;24;23;30;28;3;11
256;25/01/2020;1;5;12;16;27;30;31;1;27;30;12;1;31;5;16
257;28/01/2020;5;12;17;19;21;24;28;2;21;24;28;12;17;19;5
258;30/01/2020;1;2;3;9;13;24;30;1;30;3;13;9;24;1;2
259;01/02/2020;6;9;10;13;21;26;29;2;9;10;26;21;6;13;29
260;04/02/2020;5;8;10;12;18;24;31;0;24;18;10;31;12;5;8
261;06/02/2020;5;8;9;18;23;26;31;1;9;23;26;18;31;5;8
262;08/02/2020;4;5;17;18;20;27;28;0;17;27;28;4;18;5;20
263;11/02/2020;9;18;19;21;23;27;30;0;21;19;23;30;27;9;18
264;13/02/2020;13;15;22;23;25;30;31;0;30;23;13;25;22;31;15
265;15/02/2020;2;3;14;16;17;20;27;2;14;27;17;16;2;3;20
266;18/02/2020;1;3;10;14;17;30;31;1;14;30;1;3;10;31;17
267;20/02/2020;1;2;6;9;13;20;30;0;20;13;30;9;2;1;6
268;22/02/2020;2;3;14;16;17;21;29;1;16;2;21;3;29;14;17
269;26/02/2020;1;4;6;9;26;27;31;0;6;31;26;1;9;4;27
270;27/02/2020;1;2;3;4;24;27;28;2;3;4;24;28;2;27;1
271;29/02/2020;7;15;17;20;21;24;29;0;21;7;24;17;29;15;20
272;03/03/2020;3;5;6;10;12;16;21;0;21;3;5;16;12;10;6
273;05/03/2020;3;11;12;19;20;26;28;0;11;20;12;3;28;26;19
274;07/03/2020;2;3;4;6;8;10;30;3;3;8;10;30;6;2;4
275;10/03/2020;7;10;12;14;24;27;28;0;24;27;12;10;28;7;14
276;12/03/2020;4;5;15;16;18;27;30;0;27;15;18;5;4;30;16
277;14/03/2020;2;3;10;13;21;22;31;0;2;31;13;22;3;10;21
278;17/03/2020;5;8;13;21;22;24;26;0;8;21;26;13;5;24;22
279;19/03/2020;3;7;10;13;24;25;28;0;13;10;7;3;25;24;28
280;21/03/2020;2;3;10;13;17;24;28;4;2;13;10;28;3;17;24
281;24/03/2020;5;7;9;14;24;26;31;1;26;24;14;31;7;9;5
282;26/03/2020;7;8;16;22;23;25;31;0;31;25;8;7;22;16;23
283;28/03/2020;2;8;17;20;21;22;24;1;8;2;21;17;20;24;22
284;31/03/2020;1;3;4;5;18;22;25;0;4;1;18;5;3;22;25
285;02/04/2020;10;15;17;18;21;22;23;0;22;23;17;21;15;10;18
286;04/04/2020;4;5;19;23;28;29;30;1;4;19;28;30;29;5;23
287;07/04/2020;10;14;15;16;18;24;30;0;16;10;18;30;24;14;15
288;09/04/2020;7;11;16;21;23;28;30;1;11;16;21;30;23;7;28
289;11/04/2020;2;4;14;17;19;21;30;0;30;4;14;19;21;2;17
290;14/04/2020;5;12;13;18;21;23;29;0;18;13;12;23;5;21;29
291;16/04/2020;2;3;5;7;10;17;20;0;10;7;17;20;3;5;2
292;18/04/2020;1;4;5;19;22;23;24;0;19;22;4;1;23;24;5
293;20/04/2020;3;7;13;20;25;27;28;1;25;20;3;13;7;28;27
294;23/04/2020;4;5;10;12;14;19;24;1;24;10;12;14;19;5;4
295;25/04/2020;1;4;5;9;10;22;30;0;22;5;4;10;30;9;1
296;28/04/2020;4;6;13;18;21;22;27;0;6;22;27;21;4;18;13
297;30/04/2020;10;13;14;15;20;23;29;0;14;23;10;15;29;20;13
298;02/05/2020;3;4;8;9;16;24;31;0;24;9;16;3;4;31;8
299;05/05/2020;3;14;15;17;20;21;22;0;22;20;15;14;3;17;21
300;07/05/2020;10;15;16;17;24;25;31;0;10;24;17;16;15;31;25
301;09/05/2020;11;18;22;27;28;29;30;0;18;29;22;11;27;28;30
302;12/05/2020;1;4;7;10;15;25;31;1;1;15;4;25;31;10;7
303;14/05/2020;5;13;15;16;18;25;30;2;5;18;15;25;16;30;13
304;16/05/2020;1;2;16;23;24;25;30;0;24;30;1;16;23;2;25
305;19/05/2020;4;8;9;10;20;25;28;0;25;4;8;28;9;10;20
306;21/05/2020;3;11;12;13;20;24;30;0;13;11;30;24;12;20;3
307;23/05/2020;4;8;14;15;16;24;27;0;27;15;14;24;8;16;4
308;26/05/2020;10;11;16;20;21;23;28;0;21;28;16;10;23;20;11
309;28/05/2020;2;5;10;11;12;18;19;0;2;11;18;10;5;19;12
310;30/05/2020;6;7;9;10;13;14;21;0;10;14;21;6;7;13;9
311;02/06/2020;1;3;9;16;17;21;22;2;21;16;17;22;9;1;3
312;04/06/2020;2;9;15;22;24;29;30;0;24;15;29;30;2;22;9
313;06/06/2020;9;12;16;19;24;28;29;1;29;28;19;24;16;12;9
314;09/06/2020;1;7;9;11;22;25;26;0;25;9;22;11;1;7;26
315;12/06/2020;9;10;19;22;26;27;28;0;9;28;19;10;26;22;27
316;13/06/2020;1;10;13;14;16;22;30;0;1;13;16;14;30;10;22
317;16/06/2020;5;7;8;14;15;22;28;1;14;8;28;15;22;7;5
318;18/06/2020;6;11;14;16;18;28;30;0;16;30;28;11;14;18;6
319;20/06/2020;3;10;14;17;28;29;30;1;28;17;3;29;14;10;30
320;23/06/2020;4;9;12;13;15;26;27;2;27;13;26;15;4;12;9
321;25/06/2020;7;13;21;22;26;29;31;1;7;31;13;26;22;29;21
322;27/06/2020;4;9;12;19;20;26;28;0;19;4;26;20;9;28;12
323;30/06/2020;1;9;24;25;27;29;30;0;30;1;27;9;24;25;29
324;02/07/2020;3;6;14;18;24;27;30;1;24;3;30;6;14;18;27
325;04/07/2020;7;8;19;20;21;24;26;0;20;8;19;21;7;26;24
326;07/07/2020;1;10;15;16;22;24;29;0;15;10;24;22;29;16;1
327;09/07/2020;4;9;13;15;21;23;25;0;9;23;13;4;21;15;25
328;11/07/2020;11;14;17;20;23;25;27;1;27;20;11;14;17;25;23
329;14/07/2020;2;6;9;17;18;19;22;0;19;9;2;17;18;6;22
330;16/07/2020;7;10;11;17;23;24;29;0;29;17;24;7;23;11;10
331;18/07/2020;7;8;23;26;29;30;31;1;23;8;7;29;26;31;30
332;21/07/2020;6;8;9;14;15;18;25;0;14;9;18;25;8;6;15
333;23/07/2020;5;10;13;16;18;20;22;0;22;16;13;18;20;10;5
334;25/07/2020;3;5;12;14;19;24;28;3;24;19;14;3;28;12;5
335;28/07/2020;1;3;5;10;13;14;26;0;1;5;13;10;3;14;26
336;30/07/2020;4;8;11;13;23;26;28;2;26;13;23;8;4;11;28
337;01/08/2020;1;6;7;20;21;27;30;0;6;7;30;27;1;20;21
338;04/08/2020;3;8;10;11;14;23;24;0;11;10;24;23;14;3;8
339;06/08/2020;1;5;9;10;23;24;25;0;10;23;24;9;5;25;1
340;08/08/2020;4;7;16;17;20;27;28;0;7;4;16;27;28;17;20
341;11/08/2020;1;5;8;10;11;13;27;1;1;27;11;8;13;5;10
342;13/08/2020;2;7;8;11;12;20;30;1;30;11;12;20;2;8;7
343;15/08/2020;1;7;11;25;26;29;31;0;29;26;25;7;11;31;1
344;18/08/2020;1;2;17;23;24;25;31;0;23;24;25;2;1;17;31
345;20/08/2020;5;7;8;13;22;26;30;0;5;26;7;13;8;22;30
346;22/08/2020;14;15;17;21;24;25;31;0;15;17;21;24;25;31;14
347;25/08/2020;6;8;19;20;22;23;29;0;19;29;6;23;8;20;22
348;27/08/2020;2;10;18;19;24;26;27;1;10;19;27;26;18;2;24
349;29/08/2020;2;10;17;25;26;28;29;1;26;25;10;17;29;2;28
350;01/09/2020;7;16;20;23;24;25;26;0;25;7;24;16;20;23;26
351;03/09/2020;4;8;9;11;18;19;26;0;11;9;26;19;18;4;8
352;05/09/2020;5;11;12;15;18;22;26;0;5;11;18;22;12;26;15
353;08/09/2020;9;16;20;22;24;28;30;0;24;22;28;30;16;20;9
354;10/09/2020;6;8;20;21;24;28;29;0;24;29;20;28;21;6;8
355;12/09/2020;4;12;13;16;19;22;31;0;31;16;13;4;22;19;12
356;15/09/2020;1;2;10;15;22;23;28;0;22;1;23;10;28;2;15
357;17/09/2020;3;4;6;11;23;24;26;1;23;24;3;4;6;26;11
358;19/09/2020;3;4;5;15;25;27;29;2;29;5;25;3;15;4;27
359;22/09/2020;6;9;14;20;21;22;25;0;22;6;21;14;25;20;9
360;24/09/2020;10;11;13;19;25;27;30;0;11;30;25;19;10;27;13
361;26/09/2020;1;4;5;12;14;22;27;0;4;1;14;12;22;5;27
362;29/09/2020;3;7;10;19;29;30;31;1;10;7;19;30;31;29;3
363;01/10/2020;2;11;12;13;14;18;30;0;30;18;14;11;13;12;2
364;03/10/2020;3;6;7;12;15;23;28;0;6;23;12;3;28;15;7
365;06/10/2020;6;11;14;15;17;19;21;0;17;21;11;19;6;14;15
366;08/10/2020;17;19;23;25;26;29;31;1;23;31;29;26;25;19;17
367;10/10/2020;6;15;17;22;23;26;29;1;17;26;29;6;23;15;22
368;13/10/2020;12;20;21;22;24;26;28;0;22;20;12;24;28;26;21
369;15/10/2020;10;15;16;17;19;21;30;1;17;16;10;21;19;15;30
370;17/10/2020;4;6;11;15;19;21;22;1;6;11;4;15;22;21;19
371;20/10/2020;3;11;12;16;24;29;31;0;3;12;16;29;11;24;31
372;22/10/2020;2;4;19;20;23;26;27;0;4;27;19;26;23;20;2
373;24/10/2020;5;10;21;25;26;29;31;1;21;10;5;26;31;29;25
374;27/10/2020;3;8;9;20;21;23;27;0;23;3;21;8;20;9;27
375;29/10/2020;4;8;9;13;20;23;30;0;8;13;9;30;23;20;4
376;31/10/2020;7;9;10;13;20;22;25;0;7;9;25;13;20;10;22
377;03/11/2020;1;11;12;13;17;29;31;0;31;13;12;1;17;29;11
378;05/11/2020;11;13;18;21;23;25;27;0;23;11;25;13;21;18;27
379;07/11/2020;3;7;14;21;24;26;27;1;24;7;27;21;26;14;3
380;10/11/2020;5;15;17;22;26;28;31;0;26;31;22;17;28;15;5
381;12/11/2020;14;15;16;17;22;24;29;0;29;24;15;22;16;14;17
382;14/11/2020;10;13;17;20;22;26;28;1;10;20;28;26;22;13;17
383;17/11/2020;2;9;11;16;22;24;30;0;22;30;11;2;9;24;16
384;19/11/2020;2;3;6;9;10;15;26;0;26;3;6;9;10;2;15
385;21/11/2020;4;6;7;14;15;22;31;1;15;6;7;14;31;22;4
386;24/11/2020;5;10;11;20;22;29;31;0;31;22;11;20;10;5;29
387;26/11/2020;2;6;15;18;21;22;23;0;23;18;21;22;6;2;15
388;28/11/2020;2;4;7;9;15;22;26;1;22;9;7;15;26;2;4
389;01/12/2020;5;16;23;25;27;28;29;0;25;29;27;23;16;5;28
390;03/12/2020;1;12;17;25;26;28;29;1;26;17;25;12;28;1;29
391;05/12/2020;5;7;10;11;13;17;23;0;13;7;5;10;11;17;23
392;08/12/2020;3;4;10;18;22;24;28;0;10;22;24;28;4;3;18
393;10/12/2020;6;13;19;21;23;27;28;0;28;13;21;23;19;6;27
394;12/12/2020;1;2;5;8;15;24;25;0;2;5;8;1;24;25;15
395;15/12/2020;8;14;16;21;25;30;31;0;30;16;31;21;8;25;14
396;17/12/2020;1;2;14;17;23;25;26;0;1;26;23;2;17;25;14
397;19/12/2020;7;8;9;10;12;14;30;0;14;9;12;30;10;7;8
398;22/12/2020;2;3;7;10;20;30;31;0;30;2;31;20;3;7;10
399;24/12/2020;2;7;15;19;20;23;24;0;2;19;23;7;24;20;15
400;29/12/2020;6;12;17;19;21;23;31;1;31;17;19;21;23;12;6
401;31/12/2020;3;4;6;7;10;24;31;0;10;7;6;4;31;3;24
402;05/01/2021;1;3;5;7;20;22;29;1;5;1;20;22;7;29;3
403;07/01/2021;4;9;11;25;26;29;30;1;29;26;11;25;30;9;4
404;09/01/2021;1;2;9;14;16;25;29;0;25;9;29;2;1;16;14
405;12/01/2021;4;5;7;11;13;18;30;0;30;18;7;11;5;4;13
406;14/01/2021;1;10;11;15;19;20;22;0;20;19;22;15;1;10;11
407;16/01/2021;4;5;12;13;16;25;26;1;26;5;13;12;16;4;25
408;19/01/2021;10;14;17;20;25;27;29;0;29;17;25;10;14;20;27
409;21/01/2021;10;14;16;24;28;30;31;0;31;28;10;24;14;16;30
410;23/01/2021;6;12;14;16;18;27;31;0;12;6;27;18;14;16;31
411;26/01/2021;3;4;8;11;19;26;27;1;11;3;27;19;26;4;8
412;28/01/2021;4;9;10;12;13;19;21;0;13;4;9;21;10;19;12
413;30/01/2021;3;6;9;12;16;21;22;0;6;3;12;9;16;22;21
414;02/02/2021;2;11;17;20;28;30;31;1;28;11;2;30;20;17;31
415;04/02/2021;4;8;10;14;20;27;29;0;4;27;29;10;14;8;20
416;06/02/2021;3;8;11;13;23;24;30;1;13;3;8;11;30;24;23
417;09/02/2021;3;8;11;17;19;21;26;0;3;19;17;11;8;26;21
418;11/02/2021;7;9;20;23;25;27;31;0;23;27;20;7;31;25;9
419;13/02/2021;2;3;10;13;17;24;31;0;17;3;31;24;10;13;2
420;18/02/2021;1;5;9;10;14;16;25;0;9;14;10;25;5;16;1
421;20/02/2021;6;9;11;14;19;22;25;0;6;25;11;19;9;22;14
422;23/02/2021;6;7;19;24;27;28;31;0;24;28;6;31;7;27;19
423;25/02/2021;5;7;9;13;18;21;30;0;9;5;13;30;18;21;7
424;27/02/2021;1;6;11;13;23;25;31;1;11;13;31;23;1;6;25
425;02/03/2021;16;18;19;21;26;29;31;0;21;26;19;31;16;18;29
426;04/03/2021;1;4;14;17;23;24;27;0;14;1;4;24;17;23;27
427;06/03/2021;2;5;9;10;11;13;24;0;10;9;5;2;13;11;24
428;09/03/2021;4;6;7;15;17;20;21;0;15;7;4;17;20;6;21
429;11/03/2021;8;15;17;19;23;27;31;0;17;27;15;8;23;19;31
430;13/03/2021;2;17;19;20;24;28;31;1;2;19;17;28;20;24;31
431;16/03/2021;14;20;23;24;26;27;31;0;20;31;14;26;27;23;24
432;18/03/2021;5;9;12;15;24;27;28;1;15;9;27;5;24;28;12
433;20/03/2021;1;6;7;19;25;27;31;0;27;31;6;7;19;25;1
434;23/03/2021;7;12;14;22;24;30;31;0;7;12;31;14;30;24;22
435;25/03/2021;7;8;14;21;23;26;30;0;14;21;26;30;8;23;7
436;27/03/2021;4;23;24;25;26;27;31;0;24;27;25;23;26;4;31
437;30/03/2021;1;14;22;26;27;28;31;0;22;1;27;31;26;28;14
438;01/04/2021;3;7;10;18;19;22;28;1;28;7;19;3;18;22;10
439;03/04/2021;1;6;14;19;23;27;28;0;1;6;28;19;14;27;23
440;06/04/2021;2;8;13;14;17;21;24;0;21;13;14;24;8;2;17
441;08/04/2021;1;9;14;19;28;29;30;0;19;30;9;29;1;28;14
442;10/04/2021;5;12;15;18;24;26;30;1;30;18;15;5;26;24;12
443;13/04/2021;1;6;8;10;11;21;31;1;21;1;11;8;31;10;6
444;15/04/2021;2;5;6;10;22;26;31;0;10;31;6;26;2;22;5
445;17/04/2021;1;16;18;21;24;26;30;1;18;1;24;16;30;21;26
446;20/04/2021;3;5;6;11;16;21;27;0;6;11;5;27;21;3;16
447;22/04/2021;4;7;9;18;20;26;29;0;9;20;18;4;29;26;7
448;24/04/2021;4;5;6;15;20;25;29;0;4;6;25;15;29;5;20
449;27/04/2021;4;6;7;16;22;23;29;1;23;29;6;22;16;7;4
450;29/04/2021;10;15;19;24;26;27;29;0;15;19;27;10;29;26;24
451;04/05/2021;7;11;17;19;24;26;30;0;11;30;24;7;17;26;19
452;06/05/2021;2;10;14;17;20;21;26;0;20;17;14;21;10;2;26
453;08/05/2021;1;3;8;13;17;21;23;0;17;13;3;21;8;23;1
454;11/05/2021;3;4;10;11;13;16;17;0;16;10;17;4;11;13;3
455;13/05/2021;9;12;13;14;21;24;29;2;12;14;29;21;13;24;9
456;15/05/2021;2;12;18;19;21;22;30;0;2;30;18;19;21;22;12
457;18/05/2021;4;8;12;14;15;22;29;0;22;4;8;12;14;15;29
458;20/05/2021;9;10;14;15;22;27;28;2;22;14;9;27;28;15;10
459;22/05/2021;1;8;10;13;16;27;29;0;16;10;13;8;29;27;1
460;25/05/2021;7;17;18;20;21;28;31;0;28;7;18;31;21;17;20
461;27/05/2021;2;8;11;24;25;28;29;0;28;8;25;24;2;11;29
462;29/05/2021;1;5;6;10;19;21;26;0;26;10;6;21;5;1;19
463;01/06/2021;5;8;10;16;22;26;30;1;10;8;16;22;26;5;30
464;05/06/2021;7;10;11;15;21;25;31;0;10;11;15;7;31;25;21
465;08/06/2021;1;9;20;25;27;30;31;0;20;25;27;31;9;30;1
466;10/06/2021;2;5;8;13;15;20;25;1;5;25;20;15;8;13;2
467;12/06/2021;5;6;9;21;22;25;29;0;22;5;6;25;21;29;9
468;15/06/2021;3;7;8;10;17;24;28;1;7;10;28;17;3;24;8
469;17/06/2021;5;6;7;8;11;14;26;1;5;26;14;8;6;11;7
470;19/06/2021;1;12;14;15;16;19;23;0;12;16;14;23;19;1;15
471;22/06/2021;2;3;11;12;19;24;27;1;27;24;3;2;11;12;19
472;24/06/2021;5;7;9;10;22;25;29;0;7;10;29;22;5;9;25
473;26/06/2021;2;9;11;16;20;27;28;0;9;16;2;28;20;11;27
474;29/06/2021;6;8;9;12;14;17;19;0;12;19;8;9;6;14;17
475;01/07/2021;10;14;15;18;23;27;29;0;15;23;10;29;14;18;27
476;03/07/2021;2;5;6;10;23;27;31;1;31;27;23;10;2;5;6
477;06/07/2021;2;5;8;12;19;23;26;3;8;23;12;5;26;19;2
478;08/07/2021;3;4;9;27;29;30;31;0;3;31;4;27;29;30;9
479;10/07/2021;1;5;12;13;15;20;23;0;5;20;23;13;15;1;12
480;13/07/2021;3;6;10;17;20;28;31;0;10;20;3;28;6;31;17
481;15/07/2021;4;5;11;14;23;24;31;0;14;4;11;24;31;23;5
482;17/07/2021;1;8;18;23;25;29;30;0;8;18;25;23;30;1;29
483;20/07/2021;2;9;11;12;16;23;29;0;2;29;9;16;12;11;23
484;22/07/2021;1;4;9;14;20;25;26;0;26;9;20;25;14;4;1
485;24/07/2021;4;20;21;22;23;26;28;0;20;26;21;22;23;4;28
486;27/07/2021;3;7;12;17;18;22;23;2;17;22;7;3;12;18;23
487;29/07/2021;2;7;12;19;20;30;31;1;12;20;19;31;30;2;7
488;31/07/2021;1;4;9;14;15;25;29;0;25;29;9;1;4;15;14
489;03/08/2021;6;8;17;18;22;24;27;0;8;22;24;17;18;27;6
490;05/08/2021;6;7;15;21;24;27;31;0;27;7;24;6;31;15;21
491;07/08/2021;2;3;7;12;23;26;30;0;26;3;30;7;23;12;2
492;10/08/2021;2;9;10;11;21;22;26;0;26;21;10;22;2;9;11
493;12/08/2021;6;7;11;12;19;23;30;0;11;6;30;19;23;7;12
494;14/08/2021;3;8;13;20;25;26;30;0;26;20;3;13;25;30;8
495;17/08/2021;4;5;11;15;19;22;30;1;11;15;30;22;4;5;19
496;19/08/2021;1;8;12;16;18;19;23;0;18;1;19;8;16;12;23
497;21/08/2021;7;8;11;18;19;27;31;0;8;31;18;27;7;11;19
498;24/08/2021;3;16;18;20;25;30;31;1;16;3;20;31;18;30;25
499;26/08/2021;8;9;11;12;14;20;21;0;11;14;12;8;20;21;9
500;28/08/2021;2;7;9;15;22;24;27;1;7;24;22;15;9;2;27
501;31/08/2021;3;13;18;20;23;24;30;0;20;3;23;18;30;24;13
502;02/09/2021;1;5;8;18;26;27;31;0;26;18;27;1;8;31;5
503;04/09/2021;2;3;5;9;15;22;29;0;29;9;2;22;15;3;5
504;09/09/2021;2;9;10;11;21;30;31;0;10;11;21;31;2;30;9
505;11/09/2021;2;3;7;8;12;14;29;0;7;14;2;29;8;12;3
506;14/09/2021;4;6;16;20;26;27;29;1;16;27;4;29;26;6;20
507;16/09/2021;7;8;14;15;16;17;23;0;16;23;17;14;15;8;7
508;18/09/2021;2;3;4;8;11;15;25;0;3;15;2;4;8;11;25
509;21/09/2021;1;3;5;6;15;20;23;0;3;5;6;20;23;15;1
510;23/09/2021;5;6;16;17;21;27;31;0;17;16;5;6;27;21;31
511;25/09/2021;7;8;9;17;19;28;29;1;17;8;9;29;28;19;7
512;28/09/2021;4;5;10;12;13;21;23;2;13;5;4;23;21;10;12
513;30/09/2021;6;7;15;24;27;29;31;0;31;6;7;29;24;15;27
514;02/10/2021;1;2;5;8;15;17;18;0;15;1;17;18;8;2;5
515;05/10/2021;5;7;14;15;18;20;24;0;5;7;15;14;20;24;18
516;07/10/2021;1;11;15;17;22;26;27;0;26;27;17;1;11;22;15
517;09/10/2021;10;11;21;22;27;29;30;0;10;27;11;21;22;29;30
518;14/10/2021;5;10;11;16;18;24;25;0;16;10;5;18;25;24;11
519;16/10/2021;8;9;12;13;16;19;24;1;8;19;24;13;16;12;9
520;19/10/2021;11;12;15;21;22;30;31;0;15;21;11;22;31;12;30
521;21/10/2021;9;13;16;17;22;24;27;1;17;16;9;22;24;13;27
522;23/10/2021;1;6;7;9;13;16;22;0;22;9;16;13;7;6;1
523;26/10/2021;3;5;10;15;17;19;23;0;10;23;5;3;19;17;15
524;28/10/2021;4;7;14;17;19;21;29;1;19;7;29;17;21;4;14
525;30/10/2021;12;16;17;20;21;22;29;0;21;17;16;20;29;12;22
526;04/11/2021;5;8;13;26;27;30;31;1;5;31;8;26;13;27;30
527;06/11/2021;2;9;12;18;24;30;31;1;18;12;24;30;31;9;2
528;09/11/2021;4;5;9;13;17;18;31;0;31;9;5;18;4;17;13
529;11/11/2021;8;10;13;16;24;27;29;2;13;27;16;10;8;24;29
530;13/11/2021;3;11;13;23;26;27;30;0;3;13;11;23;30;27;26
531;16/11/2021;4;11;15;18;23;26;31;0;31;11;15;23;4;26;18
532;18/11/2021;3;5;8;16;19;23;30;0;30;3;16;8;23;19;5
533;20/11/2021;2;3;4;9;13;20;25;0;2;3;9;20;4;25;13
534;23/11/2021;10;11;14;19;28;30;31;1;31;14;19;11;30;10;28
535;25/11/2021;2;4;10;11;14;28;30;0;10;14;2;4;11;30;28
536;27/11/2021;3;5;8;10;12;22;27;0;5;10;12;3;22;8;27
537;30/11/2021;8;11;13;19;22;24;28;0;19;11;8;22;24;28;13
538;02/12/2021;8;12;18;19;28;29;31;0;8;29;31;28;12;19;18
539;04/12/2021;7;12;14;16;23;26;27;0;27;12;7;23;16;14;26
540;07/12/2021;7;9;10;13;18;21;25;0;9;25;18;21;7;13;10
541;09/12/2021;1;4;6;8;13;17;31;1;31;6;17;1;8;13;4
542;11/12/2021;3;6;10;13;15;17;29;0;29;13;10;17;6;15;3
543;14/12/2021;3;4;6;10;18;20;26;0;26;6;20;4;3;10;18
544;16/12/2021;2;8;9;11;17;24;28;0;24;11;9;17;28;2;8
545;18/12/2021;1;6;12;19;21;22;26;0;21;19;12;6;26;1;22
546;21/12/2021;6;8;17;19;20;21;29;1;19;29;17;20;8;6;21
547;23/12/2021;2;4;17;18;19;25;31;0;25;4;2;17;19;18;31
548;28/12/2021;1;7;11;19;21;29;30;0;30;11;1;19;7;29;21
549;30/12/2021;4;6;8;14;16;23;24;0;23;16;4;6;14;24;8
550;04/01/2022;5;8;16;18;23;27;28;0;27;8;16;28;18;5;23
551;06/01/2022;1;4;6;8;12;24;30;0;1;24;6;12;8;4;30
552;08/01/2022;6;13;14;21;23;27;29;1;14;29;21;23;6;13;27
553;11/01/2022;6;8;14;19;23;26;30;1;8;26;30;23;19;14;6
554;13/01/2022;5;9;17;19;20;26;30;0;19;5;9;30;20;26;17
555;15/01/2022;4;12;15;17;22;24;25;0;4;24;15;12;25;22;17
556;18/01/2022;3;6;9;17;19;25;28;0;3;28;25;9;17;19;6
557;20/01/2022;1;7;10;12;20;23;26;0;23;26;20;7;1;12;10
558;22/01/2022;3;5;11;17;21;26;27;0;21;27;26;3;5;17;11
559;25/01/2022;9;11;17;18;22;25;30;0;25;22;9;18;30;11;17
560;27/01/2022;12;14;17;19;27;29;30;0;14;29;12;17;27;19;30
561;29/01/2022;1;4;16;18;19;21;30;0;21;30;4;19;16;1;18
562;01/02/2022;2;7;9;14;19;26;29;2;14;2;26;9;29;7;19
563;03/02/2022;5;10;11;18;27;28;30;0;18;27;11;5;30;10;28
564;05/02/2022;2;4;11;20;22;24;31;0;31;4;11;22;2;24;20
565;08/02/2022;1;2;11;13;19;21;24;0;2;24;1;11;19;13;21
566;10/02/2022;2;7;13;15;18;19;25;1;7;2;19;13;18;15;25
567;12/02/2022;8;12;19;21;23;25;28;0;8;23;12;21;28;25;19
568;15/02/2022;1;7;12;14;20;29;31;0;29;1;31;20;14;7;12
569;17/02/2022;1;2;4;9;17;21;31;0;21;4;9;2;1;31;17
570;19/02/2022;9;18;20;21;23;24;29;0;24;29;23;18;9;21;20
571;22/02/2022;9;13;16;18;23;26;31;1;31;13;16;9;18;26;23
572;24/02/2022;3;7;10;12;14;27;30;1;7;10;30;14;12;3;27
573;26/02/2022;6;13;22;24;26;29;30;0;26;6;29;22;30;24;13
574;03/03/2022;11;14;22;23;24;26;29;0;29;22;26;14;24;23;11
575;05/03/2022;3;4;6;10;12;14;23;1;12;23;10;6;4;14;3
576;08/03/2022;2;3;6;8;16;25;26;0;6;26;2;3;16;8;25
577;10/03/2022;4;7;10;14;25;29;30;0;29;7;4;25;14;30;10
578;12/03/2022;11;13;17;20;21;23;25;0;20;25;11;17;21;13;23
579;15/03/2022;1;4;6;8;17;22;25;0;22;1;25;8;6;4;17
580;17/03/2022;9;13;18;19;21;22;25;0;25;21;19;18;22;9;13
581;19/03/2022;2;8;9;11;16;25;29;1;11;16;9;8;2;25;29
582;22/03/2022;9;10;17;20;21;22;26;0;9;17;21;20;26;22;10
583;24/03/2022;3;6;10;15;21;25;29;1;6;3;29;25;15;10;21
584;26/03/2022;3;10;22;24;26;30;31;0;10;22;30;26;24;3;31
585;29/03/2022;1;2;7;12;14;17;29;0;29;17;14;7;1;12;2
586;31/03/2022;1;9;11;22;25;28;31;0;25;1;28;9;11;22;31
587;02/04/2022;6;10;11;13;19;21;29;0;21;11;10;6;29;19;13
588;05/04/2022;4;8;9;14;16;19;24;0;14;4;19;16;9;24;8
589;07/04/2022;2;12;16;17;18;22;23;0;16;18;17;12;22;2;23
590;09/04/2022;1;5;8;18;19;27;28;1;28;18;5;1;8;27;19
591;12/04/2022;2;17;19;20;23;25;27;0;17;19;27;2;20;25;23
592;14/04/2022;4;9;10;12;19;22;26;0;26;19;22;12;10;9;4
593;16/04/2022;2;9;10;13;18;20;29;0;20;13;2;18;29;10;9
594;19/04/2022;6;15;16;17;18;27;31;0;15;18;31;16;27;17;6
595;23/04/2022;4;8;9;19;22;25;31;0;9;22;8;19;31;25;4
596;26/04/2022;2;5;9;14;25;26;28;0;2;9;14;28;25;26;5
597;28/04/2022;6;7;10;13;22;24;29;1;10;6;24;13;22;29;7
598;30/04/2022;7;9;13;15;20;24;25;0;20;9;7;25;15;13;24
599;03/05/2022;2;3;6;7;17;26;29;0;26;17;2;6;7;3;29
600;05/05/2022;2;4;9;11;18;24;28;0;9;11;28;18;24;2;4
601;07/05/2022;9;10;11;12;18;19;25;0;25;12;11;18;9;10;19
602;10/05/2022;1;6;8;11;15;19;30;0;15;11;8;30;19;6;1
603;12/05/2022;2;21;22;26;27;28;31;0;27;21;2;22;28;26;31
604;14/05/2022;6;7;12;18;20;24;28;1;18;7;24;20;28;6;12
605;17/05/2022;9;10;20;23;27;29;31;0;23;10;31;9;27;20;29
606;19/05/2022;3;7;13;14;16;17;31;0;31;13;17;7;16;3;14
607;21/05/2022;9;10;11;17;21;23;26;0;21;11;23;10;17;26;9
608;24/05/2022;7;8;12;22;26;27;31;0;27;7;31;26;12;22;8
609;26/05/2022;2;4;9;11;19;30;31;0;9;2;30;19;11;31;4
610;28/05/2022;2;4;8;16;18;21;29;0;4;18;8;21;16;29;2
611;31/05/2022;2;3;10;18;23;29;30;0;23;30;3;10;18;29;2
612;02/06/2022;4;6;10;16;21;25;29;0;6;4;29;16;21;10;25
613;04/06/2022;5;10;16;22;26;27;28;1;10;22;5;16;26;28;27
614;07/06/2022;1;3;7;9;16;24;26;0;24;26;7;16;3;9;1
615;09/06/2022;3;6;11;14;17;28;29;1;3;28;11;17;14;29;6
616;11/06/2022;6;12;15;26;27;28;31;0;6;28;12;31;26;15;27
617;14/06/2022;1;6;8;13;15;21;25;0;13;1;25;15;21;8;6
618;18/06/2022;3;5;13;15;17;18;24;1;18;5;24;15;3;17;13
619;21/06/2022;2;5;11;13;19;25;27;0;27;11;2;13;19;5;25
620;23/06/2022;1;4;15;18;22;23;30;0;23;18;15;4;30;22;1
621;25/06/2022;2;8;12;15;16;19;23;0;8;23;12;2;15;19;16
622;28/06/2022;4;9;11;22;25;28;29;1;9;25;29;4;28;22;11
623;30/06/2022;6;10;15;17;20;27;30;0;17;30;15;20;6;27;10
624;02/07/2022;8;20;21;22;27;29;31;0;21;22;20;29;8;31;27
625;05/07/2022;2;6;10;12;19;30;31;0;12;2;10;6;19;31;30
626;07/07/2022;1;4;7;9;11;19;27;0;7;1;11;9;19;4;27
627;09/07/2022;7;11;14;17;18;21;22;0;17;14;11;22;21;18;7
628;12/07/2022;5;8;10;16;20;24;31;2;31;10;5;20;24;16;8
629;14/07/2022;7;9;10;21;24;25;28;0;25;24;10;28;7;9;21
630;16/07/2022;3;8;11;15;19;20;30;0;19;15;20;11;3;8;30
631;19/07/2022;6;11;14;18;19;22;29;0;6;22;11;29;18;14;19
632;21/07/2022;6;10;11;12;14;18;24;0;12;10;6;11;14;24;18
633;23/07/2022;3;5;9;11;13;20;25;1;5;9;25;11;3;20;13
634;26/07/2022;3;4;8;16;21;30;31;0;8;16;3;31;30;4;21
635;28/07/2022;2;8;11;13;15;16;17;0;17;2;11;16;15;8;13
636;30/07/2022;2;4;7;14;21;27;28;1;28;2;7;14;27;4;21
637;02/08/2022;3;4;11;14;22;25;31;0;4;25;14;22;11;31;3
638;04/08/2022;2;3;14;15;19;21;26;1;26;15;3;19;14;21;2
639;06/08/2022;3;8;12;15;24;25;31;0;3;15;8;31;25;12;24
640;09/08/2022;3;5;9;13;19;29;30;0;5;19;29;30;13;3;9
641;11/08/2022;3;7;9;12;15;25;30;0;9;12;15;25;7;30;3
642;13/08/2022;8;10;11;13;14;24;29;0;14;10;11;24;29;13;8
643;16/08/2022;2;6;7;10;14;16;26;0;16;14;2;10;26;6;7
644;18/08/2022;7;8;17;19;20;22;26;1;22;20;19;8;7;17;26
645;20/08/2022;5;7;11;19;24;29;31;1;11;31;29;19;5;24;7
646;23/08/2022;1;4;5;13;15;22;24;0;13;1;5;4;15;24;22
647;25/08/2022;1;6;12;13;27;29;31;0;29;1;12;31;6;13;27
648;27/08/2022;3;6;9;23;25;28;30;4;9;23;3;30;6;25;28
649;30/08/2022;4;5;8;14;18;19;30;0;5;8;30;18;14;4;19
650;01/09/2022;1;4;6;11;14;20;25;0;20;1;6;14;25;11;4
651;03/09/2022;4;6;11;12;19;22;30;1;12;22;19;11;30;4;6
652;06/09/2022;8;9;14;19;24;26;30;0;19;8;9;24;30;26;14
653;08/09/2022;1;3;12;15;22;24;30;0;24;15;22;12;3;30;1
654;10/09/2022;6;7;8;11;12;14;27;0;12;6;8;7;11;27;14
655;13/09/2022;4;8;12;20;26;27;31;0;26;20;8;27;4;31;12
656;15/09/2022;2;8;9;13;19;25;27;0;2;8;25;27;19;13;9
